timestamp,roll,pitch,yaw,acc_x,acc_y,acc_z,gyro_x,gyro_y,gyro_z,acc magnitude,gyro magnitude
0.0,-19.95169049162553,-16.062756338449503,-171.08227602401246,-0.0014343432151416,0.0258004470244194,0.0089690796739292,0.0254708018706583,-0.0193746272841262,0.0711830118613158,,
0.0095209999999994,-20.04578105040194,-15.870998581428973,-170.77410985386535,0.0594931109020387,0.0096633716504501,-0.0171361809809663,0.0210255467907763,-0.0205783461569195,0.0774687390902378,,
0.019020999999995,-20.10268997317592,-15.649327376738134,-170.4840933235229,0.1201055437630635,0.0046567890899681,0.009910037682259,0.0148306811871843,-0.0159377011276116,0.0719479426174912,,
0.0285329999999959,-20.115078967876244,-15.426279520858817,-170.27572163689598,0.1717138475799636,0.0082886426757872,0.0119233700835941,0.004412421267623,-0.0067405290168641,0.0562124601271895,,
0.0380549999999999,-20.109656944276875,-15.248790773162648,-170.18865957329982,0.1932507568746394,0.0456632939578628,0.0313427275094119,0.0,0.0,0.0,,
0.0570699999999959,-20.139879099920066,-15.102904833920096,-170.26432470980276,0.1518073520353288,0.1005923090502486,0.0378950324449181,0.0,0.0,0.0,,
0.0665839999999988,-20.21773943150264,-15.161168071355062,-170.49392656351847,0.0973797894530736,0.1209193520771405,0.0410759352648401,-0.0127050374437614,0.034694132973115,-0.0368148444019813,,
0.0760799999999974,-20.33231195854344,-15.295167269627791,-170.77312644699643,0.0440144631381068,0.1201664436786548,0.0626973621778445,-0.0075036639203101,0.0392682837718119,-0.0419389882793102,,
0.0855989999999948,-20.48994254881873,-15.470858646692538,-171.0398733988684,0.0008503175016395,0.1113095957142917,0.0656705285805112,0.0014777108696803,0.0392633210157115,-0.038061850813155,,
0.0950950000000006,-20.670074744159177,-15.664943711611778,-171.25044138167806,-0.0357874680186364,0.0938244601554251,0.0443846912745632,0.0,0.0,0.0,,
0.1046229999999965,-20.856625232667746,-15.859720198216948,-171.3835733687226,-0.0458274389875039,0.0607132122077789,0.0367831771859419,0.0,0.0,0.0,,
0.123626999999999,-21.147362381333394,-16.17856194984817,-171.50069718307313,0.0,0.0,0.0,0.0,0.0,0.0,,
0.1331449999999989,-21.19806991957564,-16.298783844545515,-171.58800047132112,0.0,0.0,0.0,0.0,0.0,0.0,,
0.1426469999999966,-21.177089027572983,-16.391270934744213,-171.6439229369708,0.0448280913821884,0.0065845260164627,-0.0133276902872754,0.0,0.0,0.0,,
0.1521529999999984,-21.098602903714006,-16.450009733922865,-171.72626660796956,0.0677571376093395,0.0098529759217323,-0.0202167085181151,0.0,0.0,0.0,,
0.1616700000000008,-20.980512064931126,-16.488408499335556,-171.85673258356692,0.07578749310679,0.0108445546717347,-0.0226610937632138,0.0,0.0,0.0,,
0.1711819999999946,-20.851747003047272,-16.508163234537513,-171.9565081467174,0.0765389032952945,0.0340166590871648,0.0171041241089533,0.0,0.0,0.0,,
0.180696999999995,-20.73433702966277,-16.514485799092473,-172.02110469392446,0.0606337617269713,0.0588083472873706,0.0343384157048094,0.0,0.0,0.0,,
0.1901999999999972,-20.646757700117675,-16.52358253310217,-172.0766110881173,0.0395788684755959,0.0748517162709845,0.0539886237549999,0.0,0.0,0.0,,
0.199709999999996,-20.60953003561238,-16.555249807979198,-172.11366962118208,0.0074336533618935,0.0869517152909696,0.0649050099570084,0.0,0.0,0.0,,
0.2092120000000008,-20.61812197759322,-16.60051897544597,-172.14723614303753,0.0097491346199736,0.0875859571092038,0.0725351966715544,0.0,0.0,0.0,,
0.2187319999999957,-20.67153310226722,-16.661219063322697,-172.16524042102384,0.0103956595069742,0.078772992159081,0.0702917488730112,0.0,0.0,0.0,,
0.2282310000000009,-20.760195381650583,-16.717155101367364,-172.16897135533105,0.0120244256473829,0.0628361620093276,0.0681687234651954,0.0,0.0,0.0,,
0.2377409999999997,-20.86665246254736,-16.74719362073157,-172.19776441267743,0.0079650775800148,0.0431168106186264,0.0456765145051213,0.0,0.0,0.0,,
0.2472639999999941,-20.97194445837293,-16.746329284639245,-172.24104047336814,0.0395713048092122,0.0326025889102417,-0.0023300430970771,0.0,0.0,0.0,,
0.2567599999999999,-21.04779782159644,-16.71511350444402,-172.2476727434704,0.065938499832751,0.0089765639126418,-0.0199841046731362,0.0,0.0,0.0,,
0.2662739999999957,-21.078081524609743,-16.646468045513192,-172.2373119252652,0.0957425344632487,0.0009059936320178,0.0041880109810662,0.0,0.0,0.0,,
0.2757819999999995,-21.062646783453843,-16.55421059464559,-172.26187310468987,0.1037337776380737,-0.0001523054140531,0.0076973072083755,0.0,0.0,0.0,,
0.2852959999999953,-21.01747550101325,-16.47498387542502,-172.26741633956203,0.0828426973415794,0.0004404932376033,0.0047739343615612,0.0,0.0,0.0,,
0.2948039999999992,-20.94713377946405,-16.423563139054902,-172.33351632738643,0.0463384939059945,0.006237610201876,-0.0137820628157688,0.0,0.0,0.0,,
0.3043109999999984,-20.89752805679821,-16.415089171857005,-172.44857756419367,0.0100760604264486,0.0212462021045644,0.0433831247983454,0.0,0.0,0.0,,
0.3138110000000012,-20.8794790406484,-16.444885453489196,-172.49679358810863,0.0124522740311451,0.0442007006585645,0.0613802539894416,0.0,0.0,0.0,,
0.3328330000000008,-20.996217195580908,-16.5036339754871,-172.48783888811326,0.0108700584351348,0.0726604974304064,0.0684351972587771,0.0,0.0,0.0,,
0.3423510000000007,-21.132193834645488,-16.504336743596934,-172.44828156962905,0.0444945943545407,0.0695824701862147,0.0660845343047414,0.0,0.0,0.0,,
0.3518609999999995,-21.31180334074788,-16.46585898924195,-172.3600126506956,0.0689559064471831,0.0659669340539414,0.0485531880174177,0.0,0.0,0.0,,
0.3613719999999958,-21.499014360057533,-16.392915876307764,-172.2546832512595,0.0838159724185299,0.0475873720172315,0.0432978615967838,0.0,0.0,0.0,,
0.3708910000000003,-21.68510187565829,-16.31657144073702,-172.1696365407578,0.0671756749832215,0.0209931151567723,0.0534777775199797,0.0,0.0,0.0,,
0.3803349999999952,-21.890293388087382,-16.26754218161065,-172.1463722549748,0.0311115388800334,-0.0336720218703064,0.0898498224161759,0.0,0.0,0.0,,
0.3898200000000003,-22.17913577095182,-16.122578138133054,-172.08012604725886,-0.1222792606097757,-0.1080018515845423,0.19722443975002,0.0589769885281543,-0.0211785112940949,0.0163885451586023,,
0.3993399999999951,-22.663545628757028,-15.787086840698397,-171.80964490603998,-0.3652232020310242,-0.2186996702060975,0.3053118642032946,0.1017219278669257,-0.053484942597565,0.0373020173881586,,
0.4088319999999967,-23.50506154023835,-15.18037611527537,-171.16523381393904,-0.7176100728364841,-0.4122809851871342,0.4329231883412778,0.1785224848824633,-0.096180518285475,0.0945537516129845,,
0.4183379999999985,-24.88665249437649,-14.33836977112487,-169.75287985787847,-1.3022250928321195,-0.5513188551561279,0.2387631722133391,0.2916987237527997,-0.1220107557261156,0.2203297674436808,,
0.4276780000000002,-26.792049439523662,-13.375620279590288,-167.13433266356557,-1.8613087811048936,-0.7085738322557862,-0.0414144940975695,0.401440845393609,-0.1149326320968405,0.4497489282934378,,
0.4371779999999958,-29.047203112987106,-12.487476363598695,-162.77292195911988,-2.1564805770669726,-0.7729603991825944,-0.3408350303417936,0.4711398976336211,-0.0582794117889951,0.8116307480064657,,
0.4466940000000008,-31.261744935323968,-12.08714585375222,-155.74794385211683,-1.6998979372143863,-1.2418570801409166,-0.0926946505483607,0.4339764151620934,0.0774825643759662,1.3670519496893747,,
0.4658969999999982,-35.496759849238,-11.791766396152896,-132.6854610283891,1.556790521093713,-2.4693557702523115,1.8692401937122705,0.3490644354010875,0.1762734802508232,2.5803474488464127,,
0.4752209999999977,-37.44006436083078,-10.711289705683573,-118.43739183222338,3.319293181437815,-1.0917944722544874,0.8603260200209342,0.3998284890881509,0.1831758048336612,2.888910695044509,,
0.4847210000000004,-40.85870060613282,-10.01033744708663,-103.52423313008173,4.43940606552829,0.60741415083778,0.2880299385675223,0.3759815347623006,0.5781971080108713,2.976278686926838,,
0.4942269999999951,-46.3021510699628,-9.67826941675218,-89.19032843411117,3.716506047635879,1.7032872085388462,-0.5160247067773682,0.1916669523885356,1.0614063173082473,2.817677189146369,,
0.5037519999999986,-51.97778545526236,-9.11668581086567,-76.37304494148007,2.436813690758605,1.184108273216889,-0.9684139780244212,-0.0224633478745504,1.128760987356729,2.521680303650374,,
0.5132659999999944,-55.91043105367291,-8.235343749422478,-64.68370850119592,2.1765756920242736,-0.6199212098155762,-0.5982332061570454,-0.0896237186471145,0.7944339065211092,2.328356734185092,,
0.5227620000000002,-57.35454006846127,-7.351939258927943,-52.78690382759895,3.030316996450134,-1.4964083894941456,-0.6686277322313279,0.003431498099161,0.337242605022112,2.407016636260601,,
0.5322789999999955,-58.85891432434689,-6.695535514629318,-39.41808983536893,3.911082086958723,0.1458082076540638,-0.1893754484697714,-0.1121983599948645,0.3074437438120808,2.689240388210099,,
0.5417920000000009,-61.51626196063948,-5.760352003494654,-24.397337763003627,3.2703924004147806,2.5115077214167765,0.4451652021305667,-0.3500949289494195,0.4404561409686737,2.9995396815466444,,
0.5512909999999991,-63.97163880442527,-3.4055474309034324,-9.292300020681472,1.6434406304678462,5.094024012784791,0.5149079519381782,-0.3318940264947796,0.5957423336197312,3.043132533865485,,
0.5608039999999974,-65.39919286455827,0.5125751085739053,3.759409111468994,-0.2462110659666374,3.206460719605364,-0.5159861915743725,-0.242876554630511,0.8008317592361195,2.75699656469526,,
0.5703099999999992,-64.74318708348426,4.30214531588249,16.494501417660125,-1.2980832965431468,2.3362197059716654,-1.4322719165534716,0.0010127368541792,0.7717425097630497,2.698262447459657,,
0.5798330000000007,-64.35595113285235,6.76762489504752,29.57017433828588,-1.1113955068739592,2.20350562030339,-1.326128262575423,-0.1197016669751215,0.4862575533369637,2.7366533274357008,,
0.5893480000000011,-63.85907861830297,8.502280001915656,41.34622941777652,-0.767837821798207,1.661417874101491,-1.194417357657391,-0.1199745280858917,0.3411982990542325,2.438090121146168,,
0.5988439999999997,-62.66686982821759,9.264512929610994,53.140721912498655,-1.969300885843385,2.4437603903235523,-0.6791384183709649,0.0490145224855198,0.2770936422125076,2.3942689777533457,,
0.6083499999999944,-61.21306763195623,8.965535950228666,66.14031361695399,-1.7043305213447484,3.145563858104832,0.0662092192782706,0.1978619685247541,0.2177367875182136,2.6081351751111126,,
0.6178559999999962,-57.39094062788604,8.809424197103024,78.96670960936844,-2.316724007705929,2.57235861619621,-0.2801140137647465,0.2592450668961939,0.7125419441655894,2.5197006285360035,,
0.6273709999999966,-53.56807563902235,8.196908181328732,92.51683630309316,-3.4961636010553216,0.7721137086187194,0.0949726526803967,0.1815839394074183,0.7468538578261662,2.680815978568156,,
0.6368799999999979,-51.27620683311852,6.520534294333467,107.03813275797188,-2.6877524507875674,-0.1882981606841954,0.1122257472979832,0.2559053257312841,0.5059988909926735,2.926697028444934,,
0.6463879999999946,-49.48911236365678,4.976236143719856,120.69900356183796,-3.722472579830858,-2.2239456194746445,1.0128642087335284,0.1401433029944209,0.4514383965742937,2.7548080075960466,,
0.6558999999999955,-48.63575966712368,3.200548278637609,133.38236368302393,-1.8542203210716013,-2.3485977015708546,0.3540033318452008,0.182121957679904,0.3506421946730973,2.5661225025652743,,
0.6654149999999959,-46.93047227407294,0.0613895666414391,146.04865362134333,-1.9899018042498384,-1.8359455862594465,0.2921147269884898,0.1479271566830289,0.7012966686723694,2.5784969961412867,,
0.6749219999999951,-44.83160807422261,-3.825141077796292,158.1311832396755,-2.0043619886550945,-2.412431806701391,0.4631867931074455,-0.0045223798204305,0.886004750801132,2.4964570547660903,,
0.6844289999999944,-44.04955256719002,-8.144754698887448,169.7982559041787,-0.9769042994453124,-2.239148414582587,0.3869079811009973,0.0919914405482057,0.8756207111432739,2.420038904128134,,
0.6941259999999971,-44.29377722217909,-13.1012397145562,-177.86692565760438,-0.4092257280017835,-2.996052522764815,1.1146543846672448,0.1216790650873389,0.9881597513296088,2.544326565835384,,
0.7036370000000005,-45.361687206847215,-17.449841477565357,-165.10264153150797,0.706583530405055,-3.3059755064407854,1.477408746174798,0.0782155364163169,0.8932537140084201,2.574052421578333,,
0.7131459999999947,-46.43102568329988,-20.62187799956048,-151.87918956160948,1.7197675817511628,-2.7099030349192943,0.9963542133756178,-0.044660125828381,0.6665003725929187,2.576908980200531,,
0.7224699999999942,-47.70870212400805,-23.3304275383712,-137.9845469897801,1.5897168554421353,-1.9528924902512264,0.0496611434560288,-0.1176994661250235,0.5814950479146548,2.685523925088704,,
0.731971999999999,-50.096488497690025,-25.58328697278126,-123.77428612600768,2.2054219308591856,-1.4097620744730133,-0.0663582627975122,-0.0563389963093576,0.6256086891557915,2.646431149341504,,
0.7414869999999993,-53.52783031121616,-27.31083816228516,-109.73315133053984,2.553140335005771,-0.5863769813037497,-0.1431611626936321,-0.0313736008354996,0.7063711617941313,2.523851150259012,,
0.7509939999999986,-57.320561271763616,-28.59012757126219,-95.58782888216042,3.2846618540660923,-0.098186628741805,0.4075499328872538,-0.1029172138105131,0.711969771272763,2.4792332158399404,,
0.7700059999999951,-62.26272099898124,-28.691716945942463,-69.44885249336154,2.286175212060756,0.240977894653515,-0.2371927405964564,-0.0242740342681975,0.3527995629745035,2.441571016564473,,
0.7795249999999996,-64.99097668909491,-28.08260039796545,-55.71260226707767,2.2445622765552167,0.8457143522169548,-0.2829317846130168,-0.1127178465720062,0.4837799207691925,2.5181696542759093,,
0.7890319999999988,-68.11463011537707,-26.673183813845792,-41.87989290797873,2.361742999442425,2.072360582328811,0.0119356843546948,-0.1529611604352703,0.6050776216822351,2.516819612581413,,
0.7985380000000006,-69.86184909688703,-24.15948915140031,-29.10429963531628,1.5299121546009573,2.1840721959701,-0.4808138091196333,0.035421247840499,0.594236464957541,2.424681930205528,,
0.8080499999999944,-70.24873733594491,-21.309927378582543,-16.730494731791495,0.9284236045730558,2.067872211506881,-0.9516362234449603,0.1566618137320244,0.5543329998791514,2.4470395440815103,,
0.8175699999999964,-70.38027246249864,-18.742089666381933,-4.201749738972558,0.5101934001003643,2.1436521623315863,-1.0367206241248168,0.0689444447355562,0.5110672007027397,2.4872590841941205,,
0.827067999999997,-70.35060135400435,-16.487362403013556,8.027108028338194,-0.2279530529422618,2.6527421046937083,-0.7091671275776895,-0.0100242882599459,0.4521649698931067,2.4186000736501385,,
0.8365849999999995,-69.32485589701396,-14.560478027221851,19.92292106421732,-0.647821113705012,2.348444679019314,-0.5471771016169337,0.0981745310874173,0.4231006601620782,2.3880226811345056,,
0.8461009999999973,-66.83917516080606,-12.983843562072066,31.65481899315729,-0.8783568574449315,2.286902713986301,-0.5015934266641655,0.297420018398722,0.4960273006683671,2.416699594204988,,
0.855598999999998,-63.82354874699429,-11.751729485290715,43.2654969028922,-1.327386562461996,1.981603088734589,-0.5018218927888587,0.3177598926311479,0.5560612912516529,2.411897885209567,,
0.8651099999999943,-61.09749125451645,-10.980064093826002,55.16054824203759,-1.905218693574966,1.601950813869265,-0.3209050077911755,0.2321804880258476,0.5074179507126821,2.448234830775952,,
0.8746349999999978,-58.53337439787273,-10.566773449726242,67.21325742605816,-2.657911844649496,1.3031556901435326,0.1574425846391309,0.1700870990075188,0.4829960743812674,2.4682376540403785,,
0.8841279999999969,-55.31480213207056,-10.397531069657886,78.97069079232837,-2.511388247966832,0.5555999974747643,-0.0043433554998222,0.1513061277168107,0.6175035393397635,2.437438828554485,,
0.8936489999999964,-51.36850456794916,-10.988171461775774,90.73249963495093,-2.7204585699209005,-0.0427976744990983,0.041280843463293,0.1871760428179653,0.7643127391374221,2.481770439647464,,
0.9031499999999966,-47.66106421074289,-12.612696009104493,102.55045622526208,-2.500991850649764,-0.6770186229615303,0.214003337452236,0.2388750002660895,0.7610551098607669,2.500356712103879,,
0.912661,-44.32197541448088,-14.949142576567809,114.02551242295098,-2.2802317100229463,-1.56293811502779,0.5544961826470931,0.2402636108466298,0.7649183608345745,2.440855538859537,,
0.9223539999999986,-41.26943155630691,-17.856580542987597,125.19382160337732,-1.7944057141024234,-2.158261246957921,0.830906852240434,0.2162810439198319,0.7989268392674603,2.396316194951772,,
0.931863,-38.1497490643021,-21.10289176485404,136.1127819479977,-1.2025535908299552,-2.000872511677835,0.6804973980441609,0.1095086386907886,0.8717534823555673,2.393380804210544,,
0.9413629999999956,-35.070319403364486,-24.4544640622601,146.72829799638464,-0.8031505861751169,-2.0419064825596367,0.5413103913535484,-0.0244721657858856,0.8806930791065631,2.406729307388338,,
0.9508790000000004,-32.95092126363102,-28.19202141427761,157.55019767240796,-0.304259525071715,-1.670150922981396,0.2436930112898408,0.016361059372479,0.8408394208207035,2.435438479789636,,
0.9603899999999967,-31.899004744776068,-32.3207134937801,169.27840178372074,0.1474700917053629,-1.858370544898416,0.4499572948801656,0.0640510685975176,0.8457231441366978,2.5178662253995445,,
0.9699039999999997,-32.123790825837425,-36.25932892833502,-177.90539658832176,1.117719773751388,-2.0411503812005654,0.625322800363449,0.0965594628566683,0.7851913019426802,2.5395759145794647,,
0.9794109999999988,-33.6868616056274,-39.78673684151475,-164.25432048067617,1.7834911156015485,-1.4858156091437729,0.4436213150894416,0.1343123324331359,0.7374264681745792,2.539321833801252,,
0.9887489999999984,-36.22474617619137,-42.67838638388676,-149.67578573985918,2.278377873599658,-1.168376039735051,0.3901385834205402,0.1253966947121766,0.6836903910858817,2.582939111390321,,
0.998258,-40.07733959945981,-44.46152437523843,-134.56138243754066,2.208594472158291,-0.4831085600976144,-0.1530981033025263,0.2223457645110176,0.6260375975372686,2.4935594374501497,,
1.007748999999997,-45.248572928747166,-45.10764669227495,-119.04095474974216,1.9904773857540488,0.0281704282672055,-0.4271982689334502,0.3371859457569288,0.6669301746686102,2.37692341434944,,
1.0172659999999991,-51.09043716243689,-44.44609092783549,-103.45954457835111,2.194857918714035,0.2775438502344857,-0.2722771813144503,0.4248375608939325,0.7268850684815581,2.2943850736849702,,
1.0267789999999977,-56.602342001183615,-42.22846695997232,-88.77481225222365,3.8667503688823457,0.7769480717980618,0.1041439285973249,0.5273451863908227,0.7518182818531887,2.1811406165076748,,
1.0362839999999949,-62.64385779442857,-38.16232058624447,-77.94775126352165,5.460612699361862,-1.157207970116738,-0.1114876769394377,0.7013476457814337,1.0123826097022997,1.384864728672461,,
1.0457919999999987,-68.38452532483926,-32.28575183700834,-75.97250815333398,-3.069716616912085,-3.693403913558413,-1.1293320874163204,0.9312355627698368,1.181850298024355,-0.3077165360522919,,
1.055301,-65.77807136408428,-29.653911385076743,-71.46693430463606,-8.35307808247642,-0.741344799670986,-3.443300287327104,0.6324876646907984,-0.2795141734860236,1.0811909459216502,,
1.0648239999999944,-53.59131119798548,-34.83916299360492,-56.64770754492167,7.435515668683172,1.862060143647543,-2.16813474050141,-0.0150143572215972,-2.320360557526264,4.1402351149634935,,
1.0744089999999955,-43.65621235702688,-39.31496184367226,-52.98623288677671,0.5772267567560749,4.42934419757697,-3.94703866150535,0.1966429783588043,-1.81218092106466,1.7734713977575294,,
1.0839149999999975,-29.556692728746505,-42.08527593329354,-60.13702145882107,-4.237838895440341,2.0955567517220737,-4.230361100122268,0.736462939356857,-2.081611639273421,0.2130158883097654,,
1.0935169999999983,-6.816416973027686,-42.50624967433895,-70.38318173450118,0.8084252612199475,5.443756177796536,4.34594116386811,1.3569811417986457,-3.073215035233082,0.8290089120665466,,
1.103037999999998,5.91323025069947,-36.98947902467384,-79.0152067109399,-0.8699218762132344,0.3571294847142715,4.985856071924149,1.590195608705132,-1.5862285819135962,-0.2810231731895607,,
1.1123599999999954,8.682228997540523,-30.86001951755327,-81.5828965294026,-2.473314768502894,-5.8024040710632585,1.3727018352344582,1.288703072288701,-0.2380449957969118,-0.3617244166642966,,
1.1218769999999978,11.88710424845737,-27.89334482918026,-78.28138482846397,0.5732535585858901,-5.871678211100461,2.073584471456392,0.685019592250042,-0.4431742047491487,0.8504946146678434,,
1.131577,12.257696955774149,-29.691599855570384,-71.59639333296143,0.0893825124724702,-4.099472168213693,1.635778353144495,-0.3301302299498695,-0.1581419040728647,1.256157757779007,,
1.141072999999999,11.90840653470273,-35.09875939319243,-63.19941696578083,-0.1413351175894174,-1.88225494015738,1.1638687541218176,-1.0206502253371637,-0.3681136138719619,1.5013298778964344,,
1.150583999999995,8.552680339076138,-40.01548866282738,-54.30097715870957,-1.9616912312767496,4.047243174398112,2.6082013242848934,-1.1177632888506115,-0.0634118757345494,1.1999955450612323,,
1.1599959999999996,1.0250350716628254,-42.17676038222014,-48.5144461193494,-1.7465939282096787,2.217233419762348,-3.701685435353056,-1.0507210117638908,0.6099382357017228,-0.0112927216137426,,
1.1695080000000004,-0.4449379608541668,-42.70429128824866,-48.32942961337247,-1.780703289572082,3.262463428577335,-3.188788522773171,-0.2237612681856391,0.0909179944456956,-0.3127100395933807,,
1.1789339999999982,1.819457053772176,-41.21425091739777,-53.40619920478377,-0.9482328991380536,3.687258834610266,-0.7938375115453343,0.4447080313300551,-0.0704327389290054,-0.8594193843511274,,
1.1886170000000007,3.1021628573594207,-38.35510415275044,-60.63129922555899,-0.293983325681152,0.4517884466038198,-0.593541586682313,0.5870594746998925,0.1498893644155321,-1.4275162550209264,,
1.198132000000001,4.08517119888014,-36.19156701596963,-66.232618980447,0.2575939224991845,-1.155512927325542,1.1230224696266418,0.4573253656794505,0.056546122285213,-1.145294810092608,,
1.207642,2.7054008053794734,-35.2108987129867,-68.15369356304713,1.0130498349462902,-2.4197096984832287,2.14638738426234,0.0925968517934454,0.2834304309349496,-0.6627050438593577,,
1.2169719999999984,-1.2941456688203847,-35.07675685201697,-65.79634728857982,1.27767690954372,-2.975505181226095,0.8581730396299535,-0.2332494612935001,0.612402578451096,-0.058550333183502,,
1.2266690000000011,-5.461696163000075,-36.1140866055294,-59.82323326146432,1.406402305350518,-1.581935744896304,0.7071033167201519,-0.4960755446977453,0.5073889073414646,0.6493455790171586,,
1.236159999999998,-10.117800812301462,-37.39212314169284,-52.18481176440359,1.106390149222234,1.120743135113505,0.5441513802666925,-0.6313059636026742,0.4743079612528338,0.8970243514132648,,
1.2455029999999994,-14.792499591950058,-38.18008137585756,-45.86183128314664,0.0395583224811662,1.5426021253521918,-1.6735216069101937,-0.6057111426908961,0.4529221022467694,0.6111559846293098,,
1.2550129999999982,-16.19707487064433,-39.06438169227312,-42.845567617402295,-0.5364785515730627,2.4032385941608303,-2.328024189618668,-0.2810103313699573,0.0256200153286848,0.3156920021095327,,
1.2645119999999963,-14.360665653514303,-40.11760112145832,-44.103779160740594,-0.5970263486968439,2.201556642636118,-1.9100754655639065,0.0625741610783525,-0.3476017707198597,-0.1518630247355912,,
1.274046999999996,-9.780931584361282,-40.32040486674632,-48.86721270570039,-0.4241198384868324,1.0141270064982275,-0.9636164477006772,0.4559621994369155,-0.5328555642118349,-0.5038755059656224,,
1.2837159999999983,-4.231876248080559,-39.36352194215335,-54.48337416007379,-0.143849826011212,0.181076996095119,0.5272176935475069,0.6825820743229091,-0.5462157021976648,-0.5558426950765941,,
1.293223999999995,-0.5606315561121428,-38.03759993772507,-58.3053710177713,0.1334761411760774,-1.3602912523526345,1.1801439065694213,0.5403468783125577,-0.327928115915925,-0.4315169599321473,,
1.302731999999999,0.8260714811204961,-37.00632466802411,-58.797798320475934,0.401803358978939,-2.208771482425393,1.3181589426980935,0.2913893014144627,-0.0788291542981309,-0.0325290695538229,,
1.312236999999996,0.2857357659225145,-36.84077754744177,-55.79612764722731,0.5995430054373191,-1.667687668411391,1.1977652787155044,-0.0192219405058528,0.0906049651296005,0.4377454468039091,,
1.3217499999999944,-1.975638306937931,-37.74646417123358,-50.55718606778954,0.4123739559909686,-0.7276088761513549,0.7210796678676737,-0.3617177447148814,0.1783667833890886,0.6910869950966054,,
1.331271000000001,-4.933352106800077,-38.99981440046245,-44.863439764368536,-0.1473649728703827,0.632296619482632,0.2791958482191151,-0.4987249176250315,0.1726945630878271,0.682658778542889,,
1.3406009999999997,-7.433426715465209,-39.93159145992015,-40.880804401883104,-0.6897655624071771,1.4218638885398156,-0.7835352750321594,-0.4106544929035339,0.124482661569034,0.3825254906841716,,
1.3500960000000006,-8.068684004614225,-40.633413720842405,-40.0574647606768,-0.9009078915235532,1.5905117114929588,-1.3334049825599636,-0.1648084118392487,-0.044711389891888,-0.0266733344587638,,
1.3596159999999955,-6.4261053976301685,-41.01834843999636,-42.40465184749071,-0.7068467196965685,1.38867857345656,-0.9227974348734348,0.1376032685486982,-0.2212169264934924,-0.3833161415558036,,
1.3693099999999987,-3.623802032135088,-40.68855761885057,-46.5822962290061,-0.377300462156589,0.6267156281815576,-0.2606417245525129,0.3504969944642469,-0.2482627827874675,-0.60558956731673,,
1.3788119999999964,-1.1988443252620964,-39.864169972262985,-50.411545199442784,-0.0343312523728132,-0.2921627480781931,0.4718715029888908,0.3700624832745927,-0.1659048781215832,-0.586625880501601,,
1.3883399999999997,-0.3353698394205853,-39.04885954981781,-52.14680999449208,0.3027418593779465,-1.1264825087230397,0.8756309476072488,0.2108719649744833,-0.0009546927712871,-0.3545882799928765,,
1.397838,-1.132108738812491,-38.529668346365625,-51.0737439355214,0.5778168332507371,-1.4119822761403311,0.884569541215874,0.0036104056057696,0.1620293458755267,0.0226307613749786,,
1.4073469999999944,-3.091600803677657,-38.51262004006418,-47.5730350797474,0.6455691276337827,-0.8399163782413194,0.708113855931929,-0.1982389218587746,0.2343760566051207,0.3822459720532677,,
1.4168439999999975,-5.750458028770588,-38.97490578725901,-42.88965946696282,0.4007995583157211,-0.0261747269618307,0.3424584007460542,-0.3588447551310537,0.2284923771250594,0.5326347675191829,,
1.4263789999999972,-8.188893970274421,-39.559359002556405,-38.695594689654726,-0.090606519438461,0.7646701739990696,-0.2441396738861907,-0.3631735829761655,0.1570739597003921,0.449031267742973,,
1.4357029999999966,-9.392111471660996,-40.17725964807515,-36.47355555620079,-0.4865392433229729,1.1311346993687446,-0.8700451190509211,-0.2220444514692282,0.0137671085119301,0.1901745257051435,,
1.445211999999998,-8.74358793647367,-40.87856816615557,-36.88596253860904,-0.6253567596130206,1.1667949260564574,-0.916459323631406,-0.0038561204259154,-0.1715876980410264,-0.1144049672814231,,
1.4547269999999983,-6.508077449752946,-41.30828511258306,-39.50512222857215,-0.5134927346302148,0.8162018593197145,-0.5371719646355451,0.2133994029282892,-0.2750398623657103,-0.3543750003149332,,
1.4644339999999971,-3.724583757825061,-41.18585098820336,-42.95798443276121,-0.315238124589294,0.2103900670940138,-0.0289188443838308,0.3325506207060584,-0.2561110228829474,-0.4369435311785401,,
1.4739140000000006,-1.6589487424574914,-40.738904159930286,-45.4821042673534,-0.0790370733092424,-0.3949487445402775,0.4598378239145558,0.2868973381332229,-0.152426611377586,-0.3346149084338555,,
1.4834150000000008,-1.089907966356083,-40.24654122821013,-45.8971453793385,0.1644680222380379,-0.8112599022722597,0.6562648252106674,0.1310397299666207,0.0073617296810015,-0.0961324231326602,,
1.4929229999999976,-1.967101625522501,-39.907541570516685,-43.987933832418456,0.3226718565765669,-0.7505110637497326,0.5952702790457006,-0.047634877475926,0.1428213701313457,0.1952966870364171,,
1.5024319999999989,-3.818176561367861,-39.87230602799941,-40.379791383208826,0.282713141473578,-0.3020629585092694,0.3842833074269376,-0.2066574128324431,0.1954730720763755,0.4053251057797188,,
1.5119629999999944,-5.955659115654187,-40.0058334898768,-36.43148888206757,0.0286183321210326,0.258655847650393,0.0710444460353817,-0.2743534414861817,0.1819860771134742,0.4394464344711955,,
1.5214739999999978,-7.533526686523471,-40.14171629603074,-33.55898177425884,-0.2646478806055967,0.6228472388298625,-0.3798182980203151,-0.2140139905800114,0.1156674205270979,0.2980406781359536,,
1.5308069999999958,-7.862256359461649,-40.35587694642349,-32.59872927118906,-0.4569710017638412,0.7823794735120353,-0.6052103643028133,-0.0654612079086752,-0.0087738997083779,0.0578976452517888,,
1.5404879999999963,-6.854959414419408,-40.5992319709544,-33.66530570612785,-0.4212554575705451,0.6306864899621918,-0.4593675786592353,0.1024176189729753,-0.1241721812140974,-0.1900035898796501,,
1.5500029999999967,-4.986731303485777,-40.62283819586645,-36.09035132402909,-0.2771726925241082,0.2744429002730452,-0.1441995452269646,0.2309880645052155,-0.1652298649326419,-0.3439606463725342,,
1.5594979999999978,-3.1510539185082136,-40.4343091129943,-38.55725986825971,-0.0894899702567207,-0.1533074438754207,0.183239618055437,0.2456145900309961,-0.1383454625327404,-0.350225241642,,
1.569008999999994,-2.1770823861608672,-40.19903967170227,-39.768639318555216,0.0864706748964902,-0.48676996878581,0.4566243469571732,0.1452798455605952,-0.0567506277105218,-0.215355958687673,,
1.578522999999997,-2.4059179998465554,-40.00178137771206,-39.14608656587095,0.2101347308866951,-0.5349372224350069,0.4781379023114466,-0.0021637578940667,0.0527586863311164,0.0062483930122715,,
1.5880209999999977,-3.674767740266712,-39.94182763146217,-36.89767342133565,0.2324734544093012,-0.2952910649861157,0.3122230792186271,-0.1463532913478037,0.1289529248735395,0.2201926989796923,,
1.5975539999999953,-5.46280181268867,-40.00883911419673,-33.82089927784892,0.0984214493031926,0.1185803283831111,0.092074132039025,-0.2318180253887586,0.1473210160691072,0.3366724091459291,,
1.607056,-7.079017521642156,-40.07973236380214,-30.93792510495399,-0.1220992108119262,0.4562012352095285,-0.2500832693438004,-0.2171231383605175,0.1201169754001851,0.3098090760490451,,
1.616568000000001,-7.8531925375966045,-40.19708069631962,-29.183752866509643,-0.3220196423699129,0.633818536832811,-0.4954779910215844,-0.1144649746553406,0.0386158485462036,0.1698656999686607,,
1.6260890000000003,-7.466165791993063,-40.40747942323736,-29.096029963778577,-0.3732614544204063,0.6027409648966914,-0.4799928380559765,0.0313536106759693,-0.0654526878841355,-0.0198314190088036,,
1.635594999999995,-6.062592176519524,-40.55097865440677,-30.459539138074188,-0.3127519880855216,0.3771639791524648,-0.263691020212696,0.1717827145003135,-0.1304098602669071,-0.182082590861316,,
1.6451250000000002,-4.202240354189523,-40.52949425654483,-32.45441197310336,-0.1961269503388999,0.051900560969539,0.0255169405920516,0.2442813257270993,-0.1430680096470753,-0.249498723635278,,
1.6545929999999984,-2.6448056707660457,-40.4052353969093,-34.03800903184978,-0.0810841044602193,-0.2785034292608186,0.3070280394828106,0.2124625159413562,-0.108423911436656,-0.2041331584884829,,
1.6641109999999983,-1.93683857243414,-40.25236938212482,-34.35512959937514,-0.004960198647353,-0.4697122251948295,0.4336852343467076,0.1067207709551477,-0.034991809329426,-0.0632622243604267,,
1.673597000000001,-2.23456063634251,-40.16588866395668,-33.175277812929465,-0.0093991335239075,-0.4143260988242461,0.3945874293144242,-0.0283636735527548,0.0395923110279045,0.1143168046268261,,
1.6831099999999992,-3.3201610298851083,-40.21111264303229,-30.88700770864646,-0.1136291959738907,-0.1769687845559646,0.2630065188111544,-0.1457963029184014,0.0799739200704922,0.2524882931058047,,
1.6926459999999963,-4.697514123803766,-40.31075346169533,-28.19328547860672,-0.2953593083732173,0.1276884195684915,0.0786988240461364,-0.1931605985905842,0.0858681017485227,0.2979126769062505,,
1.7021659999999983,-5.823498455355241,-40.39415663716475,-26.02903919208113,-0.467821220910039,0.3097628661446612,-0.1666299563375295,-0.1606834370267129,0.0630547611827802,0.2338674649910969,,
1.7116550000000004,-6.221319889219557,-40.50683049024561,-24.96633152991156,-0.5601529185817525,0.3456113541867301,-0.2814140994327469,-0.0644318223854018,0.0055743309052076,0.1062031692753248,,
1.7211649999999992,-5.736286890849564,-40.631681621018,-25.115281198922368,-0.5291455498786494,0.2328670152419396,-0.2125518717333789,0.0563994962088779,-0.0537198206309614,-0.0288003534950724,,
1.730716000000001,-4.590478881441722,-40.68674240330401,-26.06493921234988,-0.3999302213335489,0.0363128453187837,-0.0545734901989762,0.1524779227288799,-0.0846062068146697,-0.1167236452330837,,
1.740173999999996,-3.3184224402483165,-40.6761891171576,-27.179104682988413,-0.2659105355289082,-0.2023986246818134,0.1676716256457181,0.1738876643747691,-0.0840860543368755,-0.1324943156885523,,
1.749685999999997,-2.4646269074734124,-40.65441422241443,-27.761698503818067,-0.1984896889371069,-0.4366851927268421,0.3267958552864077,0.1172249536511171,-0.0555934203868206,-0.0742598342318646,,
1.7592029999999994,-2.224632609023155,-40.66731276293904,-27.316992623509368,-0.153005062753823,-0.5088005978686622,0.3197337090415354,0.0311885100023108,-0.0190434146333313,0.0469178321188709,,
1.768710999999996,-2.6577040046192506,-40.7541437298995,-25.92633517440289,-0.2609561822664201,-0.3522002231218729,0.2511849564669202,-0.0665891171345485,0.0137064894700619,0.1523669257263973,,
1.778220999999995,-3.5649054493507166,-40.923490044339616,-24.09597693812469,-0.4150631655297848,-0.1626484350920861,0.1184508998472608,-0.1389358878775547,0.0270176130463947,0.1891197469687696,,
1.7877319999999983,-4.49753285870272,-41.0392434473272,-22.465976834197143,-0.5216449859131299,0.0409487026628723,-0.0217099134493178,-0.1387278591145778,0.03409836624564,0.149863377118113,,
1.7972579999999994,-5.101830915865144,-41.05244219073908,-21.57890118532706,-0.5399052111687598,0.122938654052975,-0.1955050847774291,-0.0856637522667612,0.0315453816753152,0.0392652985442509,,
1.8067609999999945,-5.159788248210198,-41.05089667185523,-21.643889156955943,-0.4860331647614748,0.141483934867088,-0.1794586429608158,-0.0080330723784607,0.0034875722756938,-0.089964180063025,,
1.8162719999999977,-4.781052056013548,-41.0259389293644,-22.4811472253756,-0.3493146292043348,0.0553437692023656,-0.0794867209129589,0.0549393014537252,-0.0166656272467345,-0.1961795889472681,,
1.825811999999999,-4.247095344861603,-40.986860563512856,-23.62917783835365,-0.2110389801735,-0.0800545940502688,0.0144250785556999,0.0773737416337748,-0.0241430528514674,-0.2336941056910226,,
1.835321999999998,-3.885811342945888,-41.017622841668114,-24.465860290901546,-0.0949879677887404,-0.1860999446055247,0.0870926989251731,0.0474253709477782,-0.0277251082167298,-0.189300769026763,,
1.854340999999998,-4.328093236731057,-41.221362056273726,-23.69392717490321,-0.0925090787303235,-0.1672286345018061,-0.0598986828514366,-0.0643814492870996,0.0032012406959289,0.0465209055092431,,
1.8638389999999987,-4.939173538901837,-41.39794835606243,-22.29218382914564,-0.2544868247925377,0.0373110330194189,-0.1478941312005542,-0.0984184081426748,0.0031042430826846,0.1421076535787607,,
1.873337,-5.538971083970745,-41.53437572979758,-20.83232694885752,-0.3686890732640551,0.1471064364366553,-0.2638110987915726,-0.0937484498161601,0.0074330728674491,0.1557501713653114,,
1.882846000000001,-5.7105087774479175,-41.53750368373779,-19.907294512356263,-0.3727038414171787,0.1822885136962033,-0.371376212649165,-0.0243363135385821,0.0083053901819555,0.1085854611135201,,
1.892348999999996,-5.197835667176837,-41.50160630186805,-19.85253436999443,-0.3138175744078901,0.1133064203745914,-0.2952019357593161,0.0747610731596345,-0.0192106107177319,0.0281577597446348,,
1.90193,-4.225557833498135,-41.297000158242334,-20.52562359041265,-0.1867106915208992,-0.0263904069193368,-0.099048264368451,0.1575231219716231,-0.0570532701478265,-0.0562622578167389,,
1.911389,-2.7766800014189683,-41.32627640945126,-21.686909465028904,-0.1345292359436148,-0.2038927576028862,0.1161930199138266,0.201386269840039,-0.0833994232522883,-0.1015827338122958,,
1.9208870000000005,-1.2979766468956264,-41.40807104299997,-22.76609884660475,-0.112658310435911,-0.3261041870987706,0.1732528310315245,0.1997555569859751,-0.0986602873291626,-0.0831573016819446,,
1.930394,-0.0900095336596412,-41.5959647305464,-23.399734356936715,-0.2119259167372407,-0.3279787266992848,0.0723674519867859,0.1521323643157678,-0.1052617989207318,-0.0209437999773839,,
1.939976999999999,0.2446917300696165,-41.67976390930075,-23.051147293070738,-0.3142449226196698,-0.2277382097087421,-0.0998741236403467,0.0927924131269333,-0.1082207257477532,0.0598691842502808,,
1.9494479999999967,0.833209684289913,-42.05665213195884,-22.57473865130535,-0.4514179795199033,-0.0529462056251279,-0.216675475895102,0.0518548104140062,-0.1034664900183623,0.1236730509978932,,
1.9589259999999984,1.321506135728096,-42.349751655149866,-21.958793612724143,-0.4588659374347968,0.0497614699245665,-0.3605913058072277,0.044939822934012,-0.081668210852504,0.1460355640567258,,
1.9684349999999995,1.932732195961288,-42.58909517654708,-21.466951710262595,-0.4099604034225907,0.0863333812789282,-0.3829285998906894,0.0662899851081087,-0.0777912548040483,0.1369808025981293,,
1.9779489999999955,2.725128215531187,-42.88635808912573,-21.227409626870337,-0.3377782900678441,0.0394574894772163,-0.1773976901148184,0.0870645097688695,-0.0976756856812989,0.1092761209589881,,
1.9875319999999943,3.378456052639517,-42.956655692038375,-21.023827470654595,-0.2751818296430738,-0.0276704792214414,0.051854505482451,0.0903020173222158,-0.10433568747674,0.0823802302505039,,
1.996966999999998,3.937423853315204,-43.37136185254072,-20.879561077630328,-0.2441459381289976,-0.0918444781329824,0.206814973914155,0.0467454023198139,-0.1066455341680742,0.0621458518427944,,
2.0064749999999947,3.991869583421877,-43.89765087716658,-20.409784457247813,-0.2632685432426168,-0.0844044411430336,0.404691856704063,-0.0295756545089659,-0.1014451011742649,0.0581407826963237,,
