timestamp,roll,pitch,yaw,acc_x,acc_y,acc_z,gyro_x,gyro_y,gyro_z,motor_input,markers
0.0,32.228896345079164,22.293076775598603,-170.4676035546164,-0.09965495910521156,0.2942247220799883,0.33911223067730206,-0.8044796757545601,-0.13019463403315243,-0.32259431373458813,0.8841806376364415,nm
0.009505000000000763,36.501974176107154,22.300276260064475,-170.45095781103896,-0.0711626712893162,0.24485593141687553,0.14783240361872813,-0.78038728474189,-0.13262327782402786,-0.3212638567573913,0.8841806376364415,nm
0.019001000000000268,40.86295123493405,22.29902561489772,-170.4446689816621,-0.19501609605081016,0.25120601952853766,0.3672433952759114,-0.7966822410317399,-0.1338114843422249,-0.3300558482963522,0.8849697821029329,nm
0.03802800000000062,48.92293630427323,22.21547357744672,-170.4229110926978,-0.1364697069282254,0.209408680890393,0.13411713256214622,-0.7307896923027948,-0.11126940146183084,-0.2964157246360232,0.8849697821029329,nm
0.04998900000000006,52.984012887048685,22.09485640081828,-170.3542695587124,-0.18007813709539708,0.24344320890064974,0.2190605310410607,-0.7465208830943564,-0.1019339251163016,-0.29289419859576044,0.8849697821029329,nm
0.05706100000000003,56.94680879193558,21.927418854995025,-170.27935728857832,-0.10517791510473443,0.24329723576104184,0.1554786070443373,-0.7307416897298309,-0.09069233937772277,-0.282369052625932,0.8849697821029329,nm
0.07608100000000118,64.96697428172003,21.57144895976195,-170.16534370055368,-0.08083645747769179,0.2676303560734841,0.18550918704356187,-0.7448141441897528,-0.09466993580757595,-0.2883399781747278,0.8856405548994506,nm
0.08558300000000063,68.94046814517525,21.45590212126308,-170.14126005263117,-0.08811214268896697,0.31039677246110664,0.1662881890770311,-0.7331848963085144,-0.1037874251516844,-0.28693021525727835,0.8856405548994506,nm
0.09510300000000083,72.88450129206235,21.3964154837498,-170.13578475511866,-0.088380431210129,0.30274745525064417,0.08985943325620802,-0.7262658003859161,-0.11416673727133317,-0.2873694260491758,0.8856405548994506,nm
0.11414300000000122,80.75860095485211,21.363506749590243,-170.09199210701033,-0.0747632682080177,0.3162701169291269,0.04915778170027687,-0.7193671768929615,-0.12333997184759238,-0.27915238750494803,0.8862107117764906,nm
0.12361000000000022,84.70484338973839,21.323653061132617,-170.05485263028189,-0.09392677740775464,0.39278390804996294,0.06322260236714883,-0.7262706938428375,-0.11900426074617974,-0.28013212566576634,0.8862107117764906,nm
0.13315500000000124,88.55931371852891,21.245830073352888,-170.01560559369383,-0.10038057554248744,0.3253505244109441,-0.007388828631857454,-0.7109351782361013,-0.10909218952966786,-0.2722850820319122,0.8862107117764906,nm
0.15217800000000015,96.24022981131384,20.99211566085097,-169.99041066745372,-0.0669053181268691,0.3551108348910309,0.010852189113114117,-0.7048306707374026,-0.09731547656317138,-0.27278747983746704,0.8866953451219746,nm
0.17119700000000027,103.81513398157479,20.79930225545761,-170.05511492897256,-0.07403291920656142,0.3810235154959941,0.01873755732335874,-0.6990944708173605,-0.1076515001535249,-0.27689301938166394,0.8866953451219746,nm
0.18070500000000056,107.60415106042397,20.775385202186122,-170.07191920209175,-0.037032902896032,0.37727746294694997,0.03220234218932268,-0.6994278764233722,-0.11766893672935638,-0.27259959990295235,0.8866953451219746,nm
0.19971900000000087,115.20538637616187,20.825765065157082,-170.03462389095276,-0.03267997787470747,0.3627799014862339,-0.0008743706154351264,-0.6999781173670824,-0.1289714248645838,-0.26303593519379737,0.8871072834656359,nm
0.20929400000000076,119.07746963896547,20.83666941751297,-169.9918455787434,-0.06926608485491358,0.43314653090823296,-0.018559661744665234,-0.7132188836386776,-0.12780592192676926,-0.267130971015157,0.8871072834656359,nm
0.22830700000000004,126.92823637337507,20.74063191261362,-169.93767834984786,-0.06589044840221625,0.4177701264930988,-0.021431203811523615,-0.7363062954205122,-0.1156881897761277,-0.27924207354117786,0.8874574310577481,nm
0.23783800000000088,130.89281982131504,20.642491179632778,-169.9492477648972,-0.06332581642015729,0.42341790852315553,-0.030635574490304334,-0.7345929318598827,-0.11032780294817676,-0.28278437529613093,0.8874574310577481,nm
0.2663580000000012,143.1607167000916,20.335525164000362,-170.05417713793057,-0.05823706982615766,0.4002617768562463,-0.03175823139569297,-0.7648238990806413,-0.11726308974647114,-0.2935036858413749,0.8877550565110435,nm
0.27587400000000084,147.46049265271492,20.285585016160198,-170.08374803262265,-0.029860934438137164,0.4886111549023537,-0.06072845817507584,-0.796985404779707,-0.1293947153885858,-0.30473829012933207,0.8877550565110435,nm
0.2948940000000002,156.37421404217403,20.211494620822712,-170.0755089286133,-0.021328094726360693,0.5256277747774294,-0.0893756024600409,-0.8402496399258644,-0.13960539828546617,-0.31187364597200135,0.8880080381463445,nm
0.30440299999999976,161.02722220273222,20.146718708596797,-170.055448821905,-0.01773079988295085,0.5383968448414225,-0.11627526206354687,-0.8635471248096509,-0.13808989606712146,-0.31734882159952393,0.8880080381463445,nm
0.32341900000000035,170.8067110855356,19.909587466949223,-170.08797128765673,0.0010576604774607593,0.5674254488063057,-0.18560729253747696,-0.925923753834053,-0.13473311928264156,-0.3472221293132362,0.8882230725363505,nm
0.3353900000000012,175.2593887111907,19.875671227264064,-170.43760929819732,-0.010619866091609004,0.5752921942646823,-0.23538760665927239,-0.9705024059842986,-0.13206190889817643,-0.3742032262583908,0.8882230725363505,nm
0.3424529999999999,179.86929610126708,19.878234065794686,-170.86992020064952,0.019410463945183157,0.5943393728052321,-0.313835933377543,-1.0148477253439463,-0.13266820357823023,-0.4015582024793187,0.8882230725363505,nm
0.361409000000001,-168.6036162486373,19.63232416815118,-171.27665791982642,0.10365772691714199,0.5882421097035806,-0.45597343194744655,-1.100851518302346,-0.1499695007305056,-0.44010028081693525,0.8884058517678555,nm
0.37090200000000006,-162.41714450033317,19.542604641862354,-171.48938924025873,0.16631638065016927,0.5438582354527752,-0.5340049177268756,-1.1564808386046483,-0.15710083774352127,-0.4578003092316687,0.8884058517678555,nm
0.38974700000000073,-149.08153334645354,19.359131596321006,-171.85029142321045,0.2959548286819377,0.40672019881759097,-0.7539562836012181,-1.2765151066431808,-0.16479797625327197,-0.486877413400891,0.8885612141146347,nm
0.4016960000000003,-141.99549002999754,19.220843881474533,-172.0140794631118,0.34811526949312394,0.29144709594856033,-0.8464358137995401,-1.3297309453041597,-0.1605574276451245,-0.5014355776715799,0.8885612141146347,nm
0.41827900000000096,-126.96370911908485,18.86710006820908,-172.3929241784069,0.33341030999862337,0.0949108377398272,-0.8637062715435666,-1.450175395040127,-0.15900879627784,-0.5431496322641916,0.8886932721093971,nm
0.4277810000000004,-118.85603982186029,18.69383815853459,-172.65760321438987,0.4561553861239507,-0.29422626704874066,-1.2259472070186248,-1.5283350599015908,-0.16559434636394618,-0.5755194487748637,0.8886932721093971,nm
0.44680799999999987,-102.70141893635657,18.457446527009495,-173.334152749984,0.11687988820413238,-0.3320293530009935,-0.8223379497566052,-1.552298386545797,-0.17496239630827157,-0.5896937037744018,0.7823892812929876,nm
0.46581700000000037,-86.20595600212756,18.930339661313717,-173.6701561163865,0.014682814084395828,-0.7450104500286996,-0.768461835843182,-1.500120862357386,-0.23230434953728818,-0.5361587358372714,0.6920308890990394,nm
0.475333,-78.68099102662883,19.388798393662448,-173.7101611236129,-0.022129648004109097,-0.550154802335358,-0.7044988165621785,-1.4044804721065183,-0.24751859038745147,-0.5024741061765731,0.6920308890990394,nm
0.49454499999999957,-65.28865128424431,20.260076453429363,-173.54133236965663,-0.01020362339900588,-0.32962181814721236,-0.7734379470833053,-1.1792629673999164,-0.20914931088191616,-0.41184001863000186,0.6152262557341835,nm
0.5038480000000005,-59.19587894688084,20.492164107667687,-173.37495057110974,-0.003746469138195394,-0.3796001457045214,-0.8665888243537496,-1.1308005146194573,-0.17640374647207804,-0.39145326721970297,0.6152262557341835,nm
0.5133720000000013,-53.51044638959283,20.58117123055682,-173.25366839052535,0.030455706831065413,-0.5707145251713376,-0.8374515220269453,-1.0566493205200438,-0.14178810697109043,-0.3750650708387719,0.6152262557341835,nm
0.5254870000000009,-48.43317865471334,20.5654551380505,-173.19684790502205,-0.028491181113909178,-0.05715490168466942,-0.9183620617078985,-0.9454459343186586,-0.10914786284561932,-0.34585357490454083,0.6152262557341835,nm
0.5323890000000011,-42.912570801908814,20.557032588404418,-173.10731644587676,0.047895654725279985,-0.17575560751246247,-1.0149611976000648,-1.0277220629640271,-0.12172299381168918,-0.37028433473934774,0.6152262557341835,nm
0.5418960000000004,-37.275901408567044,20.602461769346153,-172.97355590009965,0.07196660234132575,-0.6657902440988314,-0.8360573543850323,-1.0476438501660308,-0.1370397744514048,-0.3699379793152064,0.6152262557341835,nm
0.5609190000000011,-26.57987255943432,20.963603454781484,-172.62893348289964,0.08196649478221482,-0.2618323514126982,-0.9751390657612244,-1.0253170486564078,-0.17656785212056983,-0.35348797821358074,0.549942317374056,nm
0.5801090000000011,-15.120988812364304,21.36148305488865,-172.0281626782439,-0.027260145872201713,-0.28220442852140204,-0.8081374259531222,-1.034155356253523,-0.17733315682241677,-0.3475109011793111,0.49445096976794756,nm
0.5991240000000007,-3.3963874050434937,21.58563321019704,-171.4842189135823,-0.09693266964884303,-0.27222092605029846,-0.5901517151060275,-1.0818130547573912,-0.17388995523686887,-0.38212484125188695,0.49445096976794756,nm
0.6086420000000006,2.2523338490859417,21.58147470731418,-171.28744630659824,-0.09980485125665547,-0.08577888821497298,-0.712442353535239,-1.0399206924461475,-0.1566945532394279,-0.3766673123962762,0.49445096976794756,nm
0.6206889999999996,7.962368311847692,21.576748291693736,-171.09399562571335,-0.09266649940158161,-0.05782925620879668,-0.6602717418743395,-1.0507112760035684,-0.1618764689021267,-0.3817661989308136,0.49445096976794756,nm
0.6277379999999999,13.578358758628651,21.591297372799072,-170.8776660257256,-0.09723063752136081,-0.031929302884852656,-0.5841703270390363,-1.0321926910133108,-0.16669190417824156,-0.37035189389626516,0.49445096976794756,nm
0.6467730000000005,24.223645423408126,21.586674018790248,-170.33789210590515,-0.0860197909887931,0.0629792468753451,-0.7095968369167013,-0.9671657545114059,-0.16044524425358606,-0.32941663583472414,0.4472833243027554,nm
0.6752250000000002,39.33177572657784,21.428212868329677,-169.40601991935523,-0.11280690252502033,0.05036105963844036,-0.7811344409763572,-0.9068672141345151,-0.14713869951763642,-0.3055269620520345,0.4071908256573421,nm
0.6846889999999997,44.18959322071753,21.299298630289194,-169.17912370960792,-0.11413610380866764,0.04745087347138859,-0.7426930134120829,-0.8947991943110852,-0.14294192663680522,-0.30890827819616895,0.4071908256573421,nm
0.6966970000000012,48.9099003837688,21.176523569156085,-168.99437138181244,-0.08831868986944445,0.07812271094702511,-0.7431202749580369,-0.869613948891559,-0.14265012642093522,-0.30537748252417757,0.4071908256573421,nm
0.7132620000000012,58.15983971767922,20.940005253734714,-168.72479359109087,-0.05268386335785594,0.1345560291566629,-0.7582742759495501,-0.8508558680940216,-0.14484322545244546,-0.30608566541497506,0.3731122018087408,nm
0.7322820000000005,67.19838022607114,20.743740644176135,-168.39007790056715,-0.05172301462856771,0.1528689839551889,-0.8076139248872066,-0.8304987253395114,-0.14992979290843286,-0.2821411285614916,0.34414537153742963,nm
0.7442350000000006,71.63422246137772,20.625160956169093,-168.19966944592682,-0.07312287879529107,0.1574727049075773,-0.8441310549105908,-0.8184109668016123,-0.14532761900454863,-0.2756001881158915,0.34414537153742963,nm
0.7606290000000007,80.23727370555184,20.292733394272208,-167.8811482357,-0.09446569605784438,0.16876149942749824,-0.9037300875961437,-0.7881615198631376,-0.13106876177086363,-0.2675145420504499,0.3195235658068152,nm
0.7821319999999998,88.45397518422236,19.878728330964435,-167.72871457161034,-0.04616220169186734,0.17399899874943747,-0.9043368936030842,-0.756549288337999,-0.12111151817598638,-0.2688690055201227,0.2985950309357929,nm
0.7891940000000011,92.38626889391539,19.68625683569222,-167.7005203394254,-0.019725257998255592,0.18290193267255625,-0.9123451363903449,-0.7320766856272174,-0.11999893403421459,-0.2608219968977546,0.2985950309357929,nm
0.8179450000000008,102.8986129503585,19.323259486816188,-167.75605757598663,0.05238108085663708,2.3727281743351427,1.9649810628891828,-0.5494121672511002,-0.1053181377250687,-0.22300925480988448,0.28080577629542397,nm
0.8299159999999999,86.52633474381707,21.307893397829222,-174.24770552105747,3.499414580736656,7.594135629289719,9.71041914049564,3.0968752631912695,0.09099060990040878,-0.15367230596882123,0.2656849098511104,nm
0.86531,-6.816121042816135,12.62483222589211,171.11622987107557,-7.278936313748829,-7.814922530519514,4.670748807424301,4.09201225621468,-0.19654122848139552,1.786170546695754,0.2656849098511104,nm
0.8747650000000009,-28.040500491063376,17.09737342653404,171.9755502615117,-3.8120594086131967,-2.9525599090750942,-0.03395794822302035,3.934094531235997,-1.479786355967574,1.2602888404570345,0.2656849098511104,nm
0.8867090000000006,-47.75608382019961,22.302769788629398,170.58748509534152,-0.25334586037171075,-10.369772342660713,-1.3965207919913007,3.517509314022438,-1.5831630774461232,1.0558202379764354,0.2656849098511104,nm
0.8962340000000006,-70.22344498611757,22.80810335138416,168.46769877081485,3.8395576619711163,-7.48684530208187,-5.256470295489153,4.065259193134211,-0.8529546778234796,1.3057030357894868,0.2656849098511104,nm
0.9153900000000013,-108.78516743677666,18.919668286059768,162.36708951378475,0.24872614991748368,-5.073538241110891,-7.986676794656474,3.0508780859194777,-0.5030199386971186,0.4170168946115392,0.2656849098511104,nm
0.9224380000000005,-126.68834507243871,18.27110191542081,160.37907595074634,1.1378384928795588,1.8575671188076155,-8.215027437475651,3.2597909498522943,-0.9628636287357842,0.747928986117887,0.2656849098511104,nm
0.9508940000000008,-164.8171065960681,25.235164994792378,155.20522712476222,1.4900543976281126,2.979726296093422,-2.3090004943881186,1.1040282883145534,-1.2157106077370083,0.2983734270161322,0.2528321733734438,nm
0.9630390000000011,-173.68524400997347,28.007761291037497,153.9894355670115,0.48898043607082103,1.1710426410376535,1.8968209292082021,1.1961988602491398,-1.1813116095137064,0.5527029581025504,0.2528321733734438,nm
0.9889590000000004,179.5062644159301,28.838650429412862,149.79689755503279,0.7640440793711957,-0.2868424217396819,-1.3731627776462982,0.6464098852393223,0.10878156149354662,0.007371642992664969,0.23262124526231318,nm
1.0079909999999996,178.59902700036167,21.570270980928733,144.67179694758624,-0.5909854466236039,0.8023047432901359,-1.2416513378856593,0.33133011091504944,0.5597959189130929,-0.6103905126054163,0.23262124526231318,nm
1.0175600000000005,177.2389494301851,19.892527839493074,141.36296652362114,-1.1009686195945003,0.8046317543802122,-2.644762778651144,0.40555415026298663,0.11512023791634893,-0.5660093426988799,0.23262124526231318,nm
1.0294590000000001,175.06079190565737,18.601462137784583,138.1687410168363,-1.290203082638941,0.5402731366862074,-1.648865639957168,0.48130101405875925,-0.06863657538950015,-0.4956782077303422,0.23262124526231318,nm
1.055550000000001,162.43267658135446,16.60333778186844,134.6234375935794,0.8898425973421422,-0.9622946321510487,-1.3875711662752708,0.8089979952895596,-0.7231541808037115,0.35640521468222547,0.2247280584729662,nm
1.0771570000000006,148.97203732166975,12.570778905617596,138.05834946447757,1.2392642015976996,0.4110684885320618,-1.8444880506310628,1.4119534874554598,-0.6384761016167128,0.7638711831012076,0.2247280584729662,nm
1.093598000000001,131.02762514614935,7.30902050843196,140.05925078766145,-0.260224180522582,2.1124023091467614,-1.585195086716447,1.7064514920214884,-0.7167518858444912,0.3863556037947544,0.2247280584729662,nm
1.1031810000000002,121.89520293118922,4.2664300731252975,140.23937388787232,3.3943646203931306,6.834779100715096,-3.1889695192444414,1.7862815698620658,-0.6991373490941766,0.2203909953852381,0.2247280584729662,nm
1.1126240000000012,113.22974526372468,2.2967459964073824,139.20966972742963,-0.4647327607620831,2.9064817290104656,-4.893607763441117,1.576035031947022,-0.8195034355478904,-0.10643031151374709,0.2247280584729662,nm
1.1317120000000012,121.12547646483819,2.5310245033528656,137.5133230195241,6.710924353657022,4.281487955206443,-0.8971621266971178,-0.7328770681956704,0.3717440035129883,-0.09280079589564767,0.21801884970202126,nm
1.1410950000000009,117.79250667453839,7.132041166666687,135.33021193138654,-1.5110872821122636,-2.902685793443824,-0.42497743430030216,-0.15301594030737656,-1.125709358764859,-0.38051788088346983,0.21801884970202126,nm
1.1507820000000004,122.5437864559005,11.481521938315705,134.23783924977388,-0.09325798682370781,-1.3047969484715345,0.1862572436876115,-1.2792423534049313,0.05336460336307152,-0.37236462221103817,0.21801884970202126,nm
1.1697069999999998,129.20373578907947,13.199401859768747,141.15652901815022,-2.180048088902981,-4.4411817216265534,1.2265551505794383,-0.11983337787180351,0.12405805348268834,0.7851333075832798,0.21231602224671808,nm
1.1792869999999995,133.42595774407962,13.616354496344604,141.26558954032419,-0.4583742829632401,1.6769776336253361,-3.113560032126794,-0.6932339868498205,0.4501015958866257,-0.17419823560899253,0.21231602224671808,nm
1.1886420000000006,137.56677583150238,11.942857327034046,140.77895004374332,-0.9062192485738975,1.6932737595470815,-1.4550617416805813,-0.4178966078091641,0.7689653744243234,-0.2807797961550019,0.21231602224671808,nm
